name,bus_id,p_mw_rated,q_mvar_cap,control_mode
PV_AGG_1,3,0.050369,0.015111,PQ
PV_AGG_2,6,0.734719,0.220416,PQ
PV_AGG_3,9,0.747685,0.224306,PQ
PV_AGG_4,12,0.625939,0.187782,PQ
PV_AGG_5,15,0.235861,0.070758,PQ
PV_AGG_6,18,0.075627,0.022688,PQ
PV_AGG_7,21,0.529799,0.15894,PQ
